intended_code,intended_linear,sent_frac,sent_code
0,0,0,0
1,0.00392156862745098,0.0525556978471276,13
2,0.00784313725490196,0.0728684329094086,19
3,0.0117647058823529,0.0971800158446243,25
4,0.0156862745098039,0.120136360473898,31
5,0.0196078431372549,0.140777433618533,36
6,0.0235294117647059,0.16132501737768,41
7,0.0274509803921569,0.181391501581061,46
8,0.0313725490196078,0.200434870766044,51
9,0.0352941176470588,0.217913109469996,56
10,0.0392156862745098,0.233284202230284,59
11,0.0431372549019608,0.246006133584276,63
12,0.0470588235294118,0.255984809803351,65
13,0.0509803921568627,0.265341665152799,68
14,0.0549019607843137,0.274433779818105,70
15,0.0588235294117647,0.28326740861322,72
16,0.0627450980392157,0.291848806352095,74
17,0.0666666666666667,0.300184227848683,77
18,0.0705882352941176,0.308279927916933,79
19,0.0745098039215686,0.316142161370799,81
20,0.0784313725490196,0.323777183024231,83
21,0.0823529411764706,0.331191247691182,84
22,0.0862745098039216,0.338390610185601,86
23,0.0901960784313725,0.345381525321442,88
24,0.0941176470588235,0.352170247912655,90
25,0.0980392156862745,0.358763032773192,91
26,0.101960784313725,0.365166134717004,93
27,0.105882352941176,0.371385808558044,95
28,0.109803921568627,0.377428309110262,96
29,0.113725490196078,0.38329989118761,98
30,0.117647058823529,0.38900680960404,99
31,0.12156862745098,0.394555319173502,101
32,0.125490196078431,0.399951674709949,102
33,0.129411764705882,0.405202131027332,103
34,0.133333333333333,0.410312942939603,105
35,0.137254901960784,0.415290365260712,106
36,0.141176470588235,0.420140652804612,107
37,0.145098039215686,0.424870060385254,108
38,0.149019607843137,0.42948484281659,110
39,0.152941176470588,0.43399125491257,111
40,0.156862745098039,0.438395551487147,112
41,0.16078431372549,0.442703987354272,113
42,0.164705882352941,0.446922817327897,114
43,0.168627450980392,0.451058296221972,115
44,0.172549019607843,0.455116678850451,116
45,0.176470588235294,0.459104220027283,117
46,0.180392156862745,0.46302717456642,118
47,0.184313725490196,0.466891797281815,119
48,0.188235294117647,0.470704342987418,120
49,0.192156862745098,0.474471066497182,121
50,0.196078431372549,0.478198222625057,122
51,0.2,0.481892066184994,123
52,0.203921568627451,0.485558851990947,124
53,0.207843137254902,0.489204834856865,125
54,0.211764705882353,0.492836269596701,126
55,0.215686274509804,0.496459411024406,127
56,0.219607843137255,0.500080513953932,128
57,0.223529411764706,0.503688474019056,128
58,0.227450980392157,0.507178357982458,129
59,0.231372549019608,0.510539515986166,130
60,0.235294117647059,0.513781647536068,131
61,0.23921568627451,0.516914452138051,132
62,0.243137254901961,0.519947629298002,133
63,0.247058823529412,0.522890878521809,133
64,0.250980392156863,0.52575389931536,134
65,0.254901960784314,0.528546391184541,135
66,0.258823529411765,0.531278053635241,135
67,0.262745098039216,0.533958586173346,136
68,0.266666666666667,0.536597688304745,137
69,0.270588235294118,0.539205059535324,137
70,0.274509803921569,0.541790399370972,138
71,0.27843137254902,0.544363407317575,139
72,0.282352941176471,0.546933782881021,139
73,0.286274509803922,0.549510614074535,140
74,0.290196078431373,0.552079024181574,141
75,0.294117647058824,0.554628227217534,141
76,0.298039215686275,0.557157344304079,142
77,0.301960784313725,0.559665496562869,143
78,0.305882352941176,0.562151805115565,143
79,0.309803921568627,0.564615391083828,144
80,0.313725490196078,0.56705537558932,145
81,0.317647058823529,0.569470879753703,145
82,0.32156862745098,0.571861024698636,146
83,0.325490196078431,0.574224931545783,146
84,0.329411764705882,0.576561721416803,147
85,0.333333333333333,0.578870515433358,148
86,0.337254901960784,0.58115043471711,148
87,0.341176470588235,0.58340060038972,149
88,0.345098039215686,0.585620133572848,149
89,0.349019607843137,0.587808155388157,150
90,0.352941176470588,0.589963786957308,150
91,0.356862745098039,0.592086149401961,151
92,0.36078431372549,0.594174363843778,152
93,0.364705882352941,0.59622755140442,152
94,0.368627450980392,0.598244833205549,153
95,0.372549019607843,0.600225099522884,153
96,0.376470588235294,0.602147674270049,154
97,0.380392156862745,0.604003400804242,154
98,0.384313725490196,0.605797687334603,154
99,0.388235294117647,0.607535942070274,155
100,0.392156862745098,0.609223573220397,155
101,0.396078431372549,0.610865988994113,156
102,0.4,0.612468597600563,156
103,0.403921568627451,0.61403680724889,157
104,0.407843137254902,0.615576026148234,157
105,0.411764705882353,0.617091662507737,157
106,0.415686274509804,0.618589124536541,158
107,0.419607843137255,0.620073820443787,158
108,0.423529411764706,0.621551158438617,158
109,0.427450980392157,0.623026546730171,159
110,0.431372549019608,0.624505393527593,159
111,0.435294117647059,0.625993107040022,160
112,0.43921568627451,0.627495095476601,160
113,0.443137254901961,0.629016767046472,160
114,0.447058823529412,0.630563529958775,161
115,0.450980392156863,0.632140792422652,161
116,0.454901960784314,0.633753962647244,162
117,0.458823529411765,0.635408448841694,162
118,0.462745098039216,0.637109659215143,162
119,0.466666666666667,0.638863001976732,163
120,0.470588235294118,0.640673885335602,163
121,0.474509803921569,0.642547717500896,164
122,0.47843137254902,0.644489906681754,164
123,0.482352941176471,0.646505861087319,165
124,0.486274509803922,0.648600988926731,165
125,0.490196078431373,0.650780698409133,166
126,0.494117647058824,0.65312278522114,167
127,0.498039215686275,0.655711373394171,167
128,0.501960784313725,0.658515002474868,168
129,0.505882352941176,0.661501459866313,169
130,0.509803921568627,0.664638532971584,169
131,0.513725490196078,0.667894009193762,170
132,0.517647058823529,0.671235675935926,171
133,0.52156862745098,0.674631320601158,172
134,0.525490196078431,0.678048730592536,173
135,0.529411764705882,0.68145569331314,174
136,0.533333333333333,0.684819996166051,175
137,0.537254901960784,0.688109426554349,175
138,0.541176470588235,0.691291771881113,176
139,0.545098039215686,0.694334819549424,177
140,0.549019607843137,0.697206356962361,178
141,0.552941176470588,0.699874171523005,178
142,0.556862745098039,0.702308067068363,179
143,0.56078431372549,0.704598441404669,180
144,0.564705882352941,0.706812155108026,180
145,0.568627450980392,0.708954429753119,181
146,0.572549019607843,0.711030486914633,181
147,0.576470588235294,0.713045548167251,182
148,0.580392156862745,0.71500483508566,182
149,0.584313725490196,0.716913569244545,183
150,0.588235294117647,0.718776972218588,183
151,0.592156862745098,0.720600265582477,184
152,0.596078431372549,0.722388670910896,184
153,0.6,0.724147409778528,185
154,0.603921568627451,0.72588170376006,185
155,0.607843137254902,0.727596774430176,186
156,0.611764705882353,0.729297843363561,186
157,0.615686274509804,0.730990132134899,186
158,0.619607843137255,0.732678862318876,187
159,0.623529411764706,0.734369255490177,187
160,0.627450980392157,0.736066533223486,188
161,0.631372549019608,0.737775917093488,188
162,0.635294117647059,0.739502628674867,189
163,0.63921568627451,0.74125188954231,189
164,0.643137254901961,0.7430289212705,189
165,0.647058823529412,0.744838945434122,190
166,0.650980392156863,0.746687183607862,190
167,0.654901960784314,0.748578857366404,191
168,0.658823529411765,0.750511425270759,191
169,0.662745098039216,0.752468480125468,192
170,0.666666666666667,0.754447099178919,192
171,0.670588235294118,0.756444982141476,193
172,0.674509803921569,0.758459828723504,193
173,0.67843137254902,0.760489338635371,194
174,0.682352941176471,0.762531211587441,194
175,0.686274509803922,0.76458314729008,195
176,0.690196078431373,0.766642845453655,195
177,0.694117647058824,0.76870800578853,196
178,0.698039215686274,0.770776328005071,197
179,0.701960784313725,0.772845511813645,197
180,0.705882352941177,0.774913256924617,198
181,0.709803921568627,0.776977263048352,198
182,0.713725490196078,0.779035229895217,199
183,0.717647058823529,0.781084857175578,199
184,0.72156862745098,0.783123844599799,200
185,0.725490196078431,0.785149891878246,200
186,0.729411764705882,0.787160698721286,201
187,0.733333333333333,0.789153964839285,201
188,0.737254901960784,0.791127389942607,202
189,0.741176470588235,0.793078673741619,202
190,0.745098039215686,0.795005515946686,203
191,0.749019607843137,0.796905616268174,203
192,0.752941176470588,0.798776674416449,204
193,0.756862745098039,0.800613302724171,204
194,0.76078431372549,0.802376871913909,205
195,0.764705882352941,0.804062460678121,205
196,0.768627450980392,0.805677831672077,205
197,0.772549019607843,0.807230747551047,206
198,0.776470588235294,0.8087289709703,206
199,0.780392156862745,0.810180264585106,207
200,0.784313725490196,0.811592391050734,207
201,0.788235294117647,0.812973113022455,207
202,0.792156862745098,0.814330193155537,208
203,0.796078431372549,0.81567139410525,208
204,0.8,0.817004478526864,208
205,0.803921568627451,0.818337209075649,209
206,0.807843137254902,0.819677348406874,209
207,0.811764705882353,0.821032659175808,209
208,0.815686274509804,0.822410904037722,210
209,0.819607843137255,0.823819845647885,210
210,0.823529411764706,0.825267246661566,210
211,0.827450980392157,0.826760869734036,211
212,0.831372549019608,0.828308477520563,211
213,0.835294117647059,0.829917832676418,212
214,0.83921568627451,0.83159669785687,212
215,0.843137254901961,0.833352835717188,213
216,0.847058823529412,0.835194008912643,213
217,0.850980392156863,0.837127980098503,213
218,0.854901960784314,0.839162511930039,214
219,0.858823529411765,0.841305367062519,215
220,0.862745098039216,0.843564308151215,215
221,0.866666666666667,0.845947097851394,216
222,0.870588235294118,0.848461498818328,216
223,0.874509803921569,0.851116405111572,217
224,0.87843137254902,0.854387807986069,218
225,0.882352941176471,0.858532845057353,219
226,0.886274509803922,0.863362681400465,220
227,0.890196078431372,0.868688482090446,222
228,0.894117647058824,0.874321412202335,223
229,0.898039215686275,0.880072636811173,224
230,0.901960784313726,0.885753320992001,226
231,0.905882352941176,0.89117462981986,227
232,0.909803921568627,0.896147728369789,229
233,0.913725490196078,0.900483781716829,230
234,0.917647058823529,0.904085259052995,231
235,0.92156862745098,0.907234427630452,231
236,0.925490196078431,0.910026026386745,232
237,0.929411764705882,0.912523926165486,233
238,0.933333333333333,0.914791997810292,233
239,0.937254901960784,0.916894112164777,234
240,0.941176470588235,0.918894140072555,234
241,0.945098039215686,0.92085595237724,235
242,0.949019607843137,0.922843419922449,235
243,0.952941176470588,0.924920413551794,236
244,0.956862745098039,0.927150804108892,236
245,0.96078431372549,0.929598462437356,237
246,0.964705882352941,0.932327259380801,238
247,0.968627450980392,0.935401065782842,239
248,0.972549019607843,0.938883752487093,239
249,0.976470588235294,0.942839190337169,240
250,0.980392156862745,0.947331250176684,242
251,0.984313725490196,0.953168070243005,243
252,0.988235294117647,0.962377103717,245
253,0.992156862745098,0.974027325966627,248
254,0.996078431372549,0.986955902793692,252
255,1,1,255
